<?xml version="1.0"?>
<doc>
    <assembly>
        <name>System.Windows.Forms.DataVisualization.MSChartExtension</name>
    </assembly>
    <members>
        <member name="F:System.Windows.Forms.DataVisualization.Charting.AboutDialog.components">
            <summary>
            Required designer variable.
            </summary>
        </member>
        <member name="M:System.Windows.Forms.DataVisualization.Charting.AboutDialog.Dispose(System.Boolean)">
            <summary>
            Clean up any resources being used.
            </summary>
            <param name="disposing">true if managed resources should be disposed; otherwise, false.</param>
        </member>
        <member name="M:System.Windows.Forms.DataVisualization.Charting.AboutDialog.InitializeComponent">
            <summary>
            Required method for Designer support - do not modify
            the contents of this method with the code editor.
            </summary>
        </member>
        <member name="T:System.Windows.Forms.DataVisualization.Charting.CursorPositionChanged">
            <summary>
            Chart callback function when cursor position changed.
            </summary>
            <param name="sender">Chart object</param>
            <param name="cursor">Chart cursor</param>
        </member>
        <member name="T:System.Windows.Forms.DataVisualization.Charting.ZoomChanged">
            <summary>
            Form of the callback when the user has zoomed the chart.
            </summary>
            <param name="sender">Chart Object</param>
        </member>
        <member name="T:System.Windows.Forms.DataVisualization.Charting.MSChartExtensionToolState">
            <summary>
            MSChart Control Extension's States
            </summary>
        </member>
        <member name="F:System.Windows.Forms.DataVisualization.Charting.MSChartExtensionToolState.Unknown">
            <summary>
            Undefined
            </summary>
        </member>
        <member name="F:System.Windows.Forms.DataVisualization.Charting.MSChartExtensionToolState.Select">
            <summary>
            Point Select Mode
            </summary>
        </member>
        <member name="F:System.Windows.Forms.DataVisualization.Charting.MSChartExtensionToolState.Select2">
            <summary>
            Point Select Mode - Second Cursor
            </summary>
        </member>
        <member name="F:System.Windows.Forms.DataVisualization.Charting.MSChartExtensionToolState.Zoom">
            <summary>
            Zoom
            </summary>
        </member>
        <member name="F:System.Windows.Forms.DataVisualization.Charting.MSChartExtensionToolState.ZoomX">
            <summary>
            Zoom only along the X axis.
            </summary>
        </member>
        <member name="F:System.Windows.Forms.DataVisualization.Charting.MSChartExtensionToolState.ZoomY">
            <summary>
            Zoom only along the Y axis.
            </summary>
        </member>
        <member name="F:System.Windows.Forms.DataVisualization.Charting.MSChartExtensionToolState.ZoomDialog">
            <summary>
            Configure Zoom region from pop up dialog
            </summary>
        </member>
        <member name="F:System.Windows.Forms.DataVisualization.Charting.MSChartExtensionToolState.Pan">
            <summary>
            Pan
            </summary>
        </member>
        <member name="T:System.Windows.Forms.DataVisualization.Charting.ChartCursor">
            <summary>
            Chart Cursor Position 
            </summary>
        </member>
        <member name="P:System.Windows.Forms.DataVisualization.Charting.ChartCursor.X">
            <summary>
            X Value based on primary Axis
            </summary>
        </member>
        <member name="P:System.Windows.Forms.DataVisualization.Charting.ChartCursor.Y">
            <summary>
            Y Value based on primary Axis
            </summary>
        </member>
        <member name="P:System.Windows.Forms.DataVisualization.Charting.ChartCursor.ChartArea">
            <summary>
            ChartArea where the cursor is located.
            </summary>
        </member>
        <member name="M:System.Windows.Forms.DataVisualization.Charting.ChartCursor.Clone">
            <summary>
            Clone object
            </summary>
            <returns></returns>
        </member>
        <member name="T:System.Windows.Forms.DataVisualization.Charting.ChartData">
            <summary>
            Data Storage class for <see cref="T:System.Windows.Forms.DataVisualization.Charting.MSChartExtension"/>
            </summary>
        </member>
        <member name="M:System.Windows.Forms.DataVisualization.Charting.ChartData.Backup">
            <summary>
            Backtup properties for all Chart Area
            </summary>
        </member>
        <member name="M:System.Windows.Forms.DataVisualization.Charting.ChartData.Restore">
            <summary>
            Restore properties for all Chart Area
            </summary>
        </member>
        <member name="T:System.Windows.Forms.DataVisualization.Charting.ChartOption">
            <summary>
            Configuration options for <see cref="T:System.Windows.Forms.DataVisualization.Charting.MSChartExtension"/> 
            </summary>
        </member>
        <member name="P:System.Windows.Forms.DataVisualization.Charting.ChartOption.ContextMenuAllowToHideSeries">
            <summary>
            Enable / Disable controls in ContextMenu to show / hide series
            </summary>
        </member>
        <member name="P:System.Windows.Forms.DataVisualization.Charting.ChartOption.XAxisPrecision">
            <summary>
            Round value on XAxis to number of decimal place
            </summary>
        </member>
        <member name="P:System.Windows.Forms.DataVisualization.Charting.ChartOption.YAxisPrecision">
            <summary>
            Round value on YAxis to number of decimal place
            </summary>
        </member>
        <member name="P:System.Windows.Forms.DataVisualization.Charting.ChartOption.Cursor1Color">
            <summary>
            Cursor 1 Color, default is <see cref="P:System.Drawing.Color.Red"/> 
            </summary>
        </member>
        <member name="P:System.Windows.Forms.DataVisualization.Charting.ChartOption.Cursor2Color">
            <summary>
            Cursor 2 Color, default is <see cref="P:System.Drawing.Color.Green"/> 
            </summary>
        </member>
        <member name="P:System.Windows.Forms.DataVisualization.Charting.ChartOption.Cursor1DashStyle">
            <summary>
            Cursor 1 Dash Style, default is <see cref="F:System.Windows.Forms.DataVisualization.Charting.ChartDashStyle.Solid"/> 
            </summary>
        </member>
        <member name="P:System.Windows.Forms.DataVisualization.Charting.ChartOption.Cursor2DashStyle">
            <summary>
            Cursor 2 Dash Style, default is <see cref="F:System.Windows.Forms.DataVisualization.Charting.ChartDashStyle.Solid"/> 
            </summary>
        </member>
        <member name="P:System.Windows.Forms.DataVisualization.Charting.ChartOption.Cursor1LineWidth">
            <summary>
            Cursor 1 Line Width, default = 1
            </summary>
        </member>
        <member name="P:System.Windows.Forms.DataVisualization.Charting.ChartOption.Cursor2LineWidth">
            <summary>
            Cursor 2 Line Width, default = 1
            </summary>
        </member>
        <member name="T:System.Windows.Forms.DataVisualization.Charting.MSChartExtension">
            <summary>
            Extension class for MSChart
            </summary>
        </member>
        <member name="M:System.Windows.Forms.DataVisualization.Charting.MSChartExtension.EnableZoomAndPanControls(System.Windows.Forms.DataVisualization.Charting.Chart)">
            <summary>
            Enable Zoom and Pan Controls.
            </summary>
        </member>
        <member name="M:System.Windows.Forms.DataVisualization.Charting.MSChartExtension.EnableZoomAndPanControls(System.Windows.Forms.DataVisualization.Charting.Chart,System.Windows.Forms.DataVisualization.Charting.CursorPositionChanged,System.Windows.Forms.DataVisualization.Charting.CursorPositionChanged,System.Windows.Forms.DataVisualization.Charting.ZoomChanged,System.Windows.Forms.DataVisualization.Charting.ChartOption)">
            <summary>
            Enable Zoom and Pan Controls.
            </summary>
            <param name="sender">The sender.</param>
            <param name="selectionChanged">Selection changed callabck. Triggered when user select a point with selec tool.</param>
            <param name="cursorMoved">Cursor moved callabck. Triggered when user move the mouse in chart area.</param>
            <param name="zoomChanged">Callback triggered when chart has 
            zoomed in or out (and on first painting of the chart).</param>
            <param name="option">Additional user options</param>
            <remarks>
            <para>Callback are optional (pass in null to ignore).</para>
            <para>WARNING: Add or Remove Chart Area or Chart Series after enabled zoom and pan controls may cause unexpected behavior.</para>
            <para>Recommended to enable the zoom and pan controls after configure the <see cref="T:System.Windows.Forms.DataVisualization.Charting.ChartArea"/> and <see cref="T:System.Windows.Forms.DataVisualization.Charting.Series"/>.</para>
            </remarks>
        </member>
        <member name="M:System.Windows.Forms.DataVisualization.Charting.MSChartExtension.DisableZoomAndPanControls(System.Windows.Forms.DataVisualization.Charting.Chart)">
            <summary>
            Disable Zoom and Pan Controls
            </summary>
            <param name="sender"></param>
        </member>
        <member name="M:System.Windows.Forms.DataVisualization.Charting.MSChartExtension.GetChartToolState(System.Windows.Forms.DataVisualization.Charting.Chart)">
            <summary>
            Get current control state.
            </summary>
            <param name="sender"></param>
            <returns></returns>
        </member>
        <member name="M:System.Windows.Forms.DataVisualization.Charting.MSChartExtension.Cursor1(System.Windows.Forms.DataVisualization.Charting.Chart)">
            <summary>
            Return Cursor 1 Object
            </summary>
            <param name="sender"></param>
            <returns></returns>
        </member>
        <member name="M:System.Windows.Forms.DataVisualization.Charting.MSChartExtension.Cursor2(System.Windows.Forms.DataVisualization.Charting.Chart)">
            <summary>
            Return Cursor 2 Object
            </summary>
            <param name="sender"></param>
            <returns></returns>
        </member>
        <member name="M:System.Windows.Forms.DataVisualization.Charting.MSChartExtension.CursorsDiff(System.Windows.Forms.DataVisualization.Charting.Chart)">
            <summary>
            Calculate different between Cursor2 and Cursor1 where result = Cursor2 - Cursor1.
            Return 0 if either cursor is not valid.
            </summary>
            <param name="sender"></param>
            <returns></returns>
        </member>
        <member name="M:System.Windows.Forms.DataVisualization.Charting.MSChartExtension.ClearPoints(System.Windows.Forms.DataVisualization.Charting.Series)">
            <summary>
            Speed up MSChart data points clear operations.
            </summary>
            <param name="sender"></param>
        </member>
        <member name="M:System.Windows.Forms.DataVisualization.Charting.MSChartExtension.DrawHorizontalLine(System.Windows.Forms.DataVisualization.Charting.Chart,System.Double,System.Drawing.Color,System.String,System.Int32,System.Windows.Forms.DataVisualization.Charting.ChartDashStyle,System.Windows.Forms.DataVisualization.Charting.ChartArea)">
            <summary>
            Draw a horizontal line on chart.
            </summary>
            <param name="sender">Source Chart.</param>
            <param name="y">YAxis value.</param>
            <param name="lineColor">Line color.</param>
            <param name="name">Annotation name.</param>
            <param name="lineWidth">Line width</param>
            <param name="lineStyle">Line style</param>
            <param name="chartArea">Target ChartArea where annotation should be displayed. Default to first ChartArea if not defined.</param>
        </member>
        <member name="M:System.Windows.Forms.DataVisualization.Charting.MSChartExtension.DrawVerticalLine(System.Windows.Forms.DataVisualization.Charting.Chart,System.Double,System.Drawing.Color,System.String,System.Int32,System.Windows.Forms.DataVisualization.Charting.ChartDashStyle,System.Windows.Forms.DataVisualization.Charting.ChartArea)">
            <summary>
            Draw a vertical line on chart.
            </summary>
            <param name="sender">Source Chart.</param>
            <param name="x">XAxis value.</param>
            <param name="lineColor">Line color.</param>
            <param name="name">Annotation name.</param>
            <param name="lineWidth">Line width</param>
            <param name="lineStyle">Line style</param>
            <param name="chartArea">Target ChartArea where annotation should be displayed. Default to first ChartArea if not defined.</param>
        </member>
        <member name="M:System.Windows.Forms.DataVisualization.Charting.MSChartExtension.DrawRectangle(System.Windows.Forms.DataVisualization.Charting.Chart,System.Double,System.Double,System.Double,System.Double,System.Drawing.Color,System.String,System.Int32,System.Windows.Forms.DataVisualization.Charting.ChartDashStyle,System.Windows.Forms.DataVisualization.Charting.ChartArea)">
            <summary>
            Draw a rectangle on chart.
            </summary>
            <param name="sender">Source Chart.</param>
            <param name="x">XAxis value</param>
            <param name="y">YAxis value</param>
            <param name="width">rectangle width using XAis value.</param>
            <param name="height">rectangle height using YAis value.</param>
            <param name="lineColor">Outline color.</param>
            <param name="name">Annotation name.</param>
            <param name="lineWidth">Line width</param>
            <param name="lineStyle">Line style</param>
            <param name="chartArea">Target ChartArea where annotation should be displayed. Default to first ChartArea if not defined.</param>
        </member>
        <member name="M:System.Windows.Forms.DataVisualization.Charting.MSChartExtension.DrawLine(System.Windows.Forms.DataVisualization.Charting.Chart,System.Double,System.Double,System.Double,System.Double,System.Drawing.Color,System.String,System.Int32,System.Windows.Forms.DataVisualization.Charting.ChartDashStyle,System.Windows.Forms.DataVisualization.Charting.ChartArea)">
            <summary>
            Draw a line on chart.
            </summary>
            <param name="sender">Source Chart.</param>
            <param name="x0">First point on XAxis.</param>
            <param name="x1">Second piont on XAxis.</param>
            <param name="y0">First point on YAxis.</param>
            <param name="y1">Second point on YAxis.</param>
            <param name="lineColor">Outline color.</param>
            <param name="name">Annotation name.</param>
            <param name="lineWidth">Line width</param>
            <param name="lineStyle">Line style</param>
            <param name="chartArea">Target ChartArea where annotation should be displayed. Default to first ChartArea if not defined.</param>
        </member>
        <member name="M:System.Windows.Forms.DataVisualization.Charting.MSChartExtension.AddText(System.Windows.Forms.DataVisualization.Charting.Chart,System.String,System.Double,System.Double,System.Drawing.Color,System.String,System.Windows.Forms.DataVisualization.Charting.TextStyle,System.Windows.Forms.DataVisualization.Charting.ChartArea)">
            <summary>
            Add text annotation to chart.
            </summary>
            <param name="sender">Source Chart.</param>
            <param name="text">Text to display.</param>
            <param name="x">Text box upper left X Coordinate.</param>
            <param name="y">Text box upper left Y coordinate.</param>
            <param name="textColor">Text color.</param>
            <param name="name">Annotation name.</param>
            <param name="textStyle">Style of text.</param>
            <param name="chartArea">Target ChartArea where annotation should be displayed. Default to first ChartArea if not defined.</param>
        </member>
        <member name="M:System.Windows.Forms.DataVisualization.Charting.MSChartExtension.GetChartAreaBoundary(System.Windows.Forms.DataVisualization.Charting.ChartArea,System.Boolean)">
            <summary>
            Return the entire chart boundary
            </summary>
            <param name="sender"></param>
            <param name="primaryAxis"></param>
            <seealso cref="M:System.Windows.Forms.DataVisualization.Charting.MSChartExtension.GetChartVisibleAreaBoundary(System.Windows.Forms.DataVisualization.Charting.ChartArea,System.Boolean)"/>
            <returns></returns>
        </member>
        <member name="M:System.Windows.Forms.DataVisualization.Charting.MSChartExtension.GetChartVisibleAreaBoundary(System.Windows.Forms.DataVisualization.Charting.ChartArea,System.Boolean)">
            <summary>
            Return chart boundary for visible area.
            </summary>
            <param name="sender"></param>
            <param name="primaryAxis"></param>
            <seealso cref="M:System.Windows.Forms.DataVisualization.Charting.MSChartExtension.GetChartAreaBoundary(System.Windows.Forms.DataVisualization.Charting.ChartArea,System.Boolean)"/>
            <returns></returns>
        </member>
        <member name="F:System.Windows.Forms.DataVisualization.Charting.MSChartExtensionZoomDialog.components">
            <summary>
            Required designer variable.
            </summary>
        </member>
        <member name="M:System.Windows.Forms.DataVisualization.Charting.MSChartExtensionZoomDialog.Dispose(System.Boolean)">
            <summary>
            Clean up any resources being used.
            </summary>
            <param name="disposing">true if managed resources should be disposed; otherwise, false.</param>
        </member>
        <member name="M:System.Windows.Forms.DataVisualization.Charting.MSChartExtensionZoomDialog.InitializeComponent">
            <summary>
            Required method for Designer support - do not modify
            the contents of this method with the code editor.
            </summary>
        </member>
        <member name="T:System.Windows.Forms.DataVisualization.Charting.Properties.Resources">
            <summary>
              A strongly-typed resource class, for looking up localized strings, etc.
            </summary>
        </member>
        <member name="P:System.Windows.Forms.DataVisualization.Charting.Properties.Resources.ResourceManager">
            <summary>
              Returns the cached ResourceManager instance used by this class.
            </summary>
        </member>
        <member name="P:System.Windows.Forms.DataVisualization.Charting.Properties.Resources.Culture">
            <summary>
              Overrides the current thread's CurrentUICulture property for all
              resource lookups using this strongly typed resource class.
            </summary>
        </member>
        <member name="P:System.Windows.Forms.DataVisualization.Charting.Properties.Resources.AboutDlgBackground">
            <summary>
              Looks up a localized resource of type System.Drawing.Bitmap.
            </summary>
        </member>
        <member name="P:System.Windows.Forms.DataVisualization.Charting.Properties.Resources.CAELogoSmall">
            <summary>
              Looks up a localized resource of type System.Drawing.Bitmap.
            </summary>
        </member>
        <member name="P:System.Windows.Forms.DataVisualization.Charting.Properties.Resources.FacebookIcon">
            <summary>
              Looks up a localized resource of type System.Drawing.Bitmap.
            </summary>
        </member>
        <member name="P:System.Windows.Forms.DataVisualization.Charting.Properties.Resources.GithubIcon">
            <summary>
              Looks up a localized resource of type System.Drawing.Bitmap.
            </summary>
        </member>
        <member name="P:System.Windows.Forms.DataVisualization.Charting.Properties.Resources.MSChartExtensionLogo">
            <summary>
              Looks up a localized resource of type System.Drawing.Bitmap.
            </summary>
        </member>
        <member name="T:EventHandlerSupport.Extensions">
            <summary>
            This is a set of extensions for accessing the Event Handlers as well as cloning menu items
            </summary>
        </member>
        <member name="F:EventHandlerSupport.Extensions.menuNameCounter">
            <summary>
            This contains a counter to help make names unique
            </summary>
        </member>
        <member name="M:EventHandlerSupport.Extensions.Clone(System.Windows.Forms.ToolStripMenuItem)">
            <summary>
            Clones the specified source tool strip menu item. 
            </summary>
            <param name="sourceToolStripMenuItem">The source tool strip menu item.</param>
            <returns>A cloned version of the toolstrip menu item</returns>
        </member>
        <member name="M:EventHandlerSupport.Extensions.AddHandlers``1(``0,``0)">
            <summary>
            Adds the handlers from the source component to the destination component
            </summary>
            <typeparam name="T">An IComponent type</typeparam>
            <param name="destinationComponent">The destination component.</param>
            <param name="sourceComponent">The source component.</param>
        </member>
        <member name="M:EventHandlerSupport.Extensions.GetEventHandlerList(System.ComponentModel.IComponent)">
            <summary>
            Gets the event handler list from a component
            </summary>
            <param name="component">The source component.</param>
            <returns>The EventHanderList or null if none</returns>
        </member>
    </members>
</doc>
